R, G, B
283, 250, 242
269, 234, 230
270, 230, 230
258, 220, 222
241, 203, 208
250, 209, 214
257, 216, 219
265, 221, 223
281, 240, 241
273, 234, 232
290, 252, 248
284, 250, 245
275, 244, 237
263, 237, 229
246, 222, 216
248, 225, 221
247, 224, 224
256, 232, 232
270, 246, 248
282, 257, 259
290, 264, 265
305, 277, 278
298, 269, 272
273, 248, 246
255, 231, 227
240, 219, 213
234, 212, 203
225, 205, 196
221, 200, 192
226, 201, 195
247, 220, 213
257, 229, 222
263, 234, 233
272, 246, 247
281, 259, 259
268, 248, 246
262, 241, 238
265, 242, 236
266, 241, 234
282, 253, 246
316, 284, 272
335, 302, 285
345, 315, 297
336, 311, 292
318, 295, 281
317, 293, 285
323, 299, 292
308, 286, 280
292, 272, 268
261, 245, 242
239, 222, 222
244, 226, 226
263, 242, 242
269, 248, 247
294, 273, 269
310, 289, 282
301, 280, 274
291, 271, 267
282, 264, 256
289, 271, 265
291, 272, 266
292, 272, 262
300, 278, 269
290, 270, 262
288, 268, 261
292, 271, 268
289, 269, 267
283, 265, 262
289, 270, 267
293, 273, 270
302, 277, 277
322, 301, 298
324, 304, 302
308, 290, 286
304, 290, 284
279, 269, 265
258, 246, 244
263, 252, 249
265, 256, 251
294, 286, 282
320, 313, 308
328, 323, 311
344, 336, 327
359, 351, 342
380, 370, 362
383, 373, 365
381, 367, 359
378, 367, 357
370, 354, 346
357, 337, 327
367, 344, 335
363, 344, 337
380, 361, 358
386, 366, 361
382, 362, 355
365, 346, 339
358, 344, 335
358, 346, 338
363, 351, 343
360, 349, 337
352, 339, 330
343, 333, 321
338, 326, 315
345, 332, 321
337, 324, 313
353, 341, 326
342, 328, 316
339, 322, 311
348, 330, 315
363, 345, 328
372, 355, 339
383, 373, 351
371, 359, 340
378, 364, 348
376, 364, 346
359, 344, 328
349, 336, 324
340, 329, 322
343, 334, 329
328, 322, 317
313, 305, 302
309, 302, 295
317, 308, 298
340, 332, 320
345, 335, 322
381, 368, 349
386, 373, 350
385, 370, 349
401, 386, 365
404, 391, 372
409, 399, 383
407, 398, 384
398, 392, 378
375, 369, 356
340, 333, 321
322, 314, 305
313, 304, 297
311, 304, 298
317, 310, 302
316, 307, 298
302, 293, 286
300, 293, 287
311, 306, 303
330, 328, 325
364, 361, 357
352, 351, 346
353, 347, 340
374, 363, 355
392, 379, 367
413, 400, 384
405, 392, 378
402, 391, 377
419, 409, 395
434, 424, 410
410, 402, 392
387, 377, 368
360, 350, 340
355, 345, 334
354, 348, 337
344, 338, 324
332, 324, 310
327, 322, 307
328, 324, 308
327, 326, 314
316, 316, 310
307, 305, 303
317, 312, 310
322, 314, 313
339, 330, 330
338, 325, 324
389, 373, 371
412, 396, 386
411, 395, 382
389, 372, 363
367, 353, 346
362, 351, 345
365, 353, 348
389, 379, 373
430, 421, 417
442, 440, 439
452, 452, 450
448, 450, 450
458, 463, 453
433, 434, 429
411, 412, 406
401, 405, 401
383, 389, 386
378, 382, 378
388, 386, 382
378, 376, 370
381, 381, 370
399, 399, 384
425, 427, 403
430, 426, 403
434, 428, 407
427, 420, 403
457, 446, 431
454, 445, 430
442, 437, 421
446, 443, 429
463, 458, 443
453, 448, 436
468, 465, 446
469, 464, 446
480, 477, 460
466, 468, 454
440, 443, 429
421, 421, 413
392, 391, 387
378, 378, 375
400, 403, 400
400, 403, 400
401, 408, 398
405, 413, 404
391, 398, 389
397, 403, 393
392, 401, 389
395, 406, 398
387, 397, 392
357, 363, 356
339, 345, 338
342, 347, 337
352, 354, 343
346, 347, 336
356, 357, 351
371, 371, 364
401, 402, 391
385, 389, 377
394, 400, 390
396, 399, 387
379, 380, 366
368, 371, 360
378, 384, 363
383, 388, 372
383, 392, 384
369, 380, 372
366, 379, 371
384, 399, 390
384, 398, 390
397, 413, 402
412, 425, 410
406, 417, 402
402, 415, 399
420, 432, 420
438, 449, 439
453, 464, 452
486, 498, 483
492, 505, 492
471, 485, 478
455, 469, 469
452, 468, 466
389, 403, 399
362, 377, 372
380, 391, 388
403, 413, 411
417, 428, 426
399, 411, 405
404, 421, 415
410, 430, 421
418, 439, 433
407, 428, 420
424, 443, 432
431, 450, 437
403, 417, 404
400, 407, 394
419, 424, 406
420, 424, 401
448, 453, 427
426, 427, 400
418, 419, 394
402, 407, 381
424, 433, 405
409, 420, 393
444, 455, 426
470, 481, 456
489, 501, 475
501, 516, 494
479, 489, 469
496, 502, 475
598, 623, 634
920, 985, 1042
948, 1022, 1086
1054, 1145, 1215
1119, 1222, 1303
1199, 1313, 1415
1318, 1448, 1567
1408, 1550, 1673
1532, 1678, 1807
1651, 1801, 1938
1764, 1930, 2077
1897, 2074, 2222
2003, 2187, 2341
2175, 2379, 2536
2274, 2496, 2649
2390, 2623, 2781
2507, 2751, 2909
2615, 2858, 3012
2856, 3105, 3251
3033, 3298, 3435
3137, 3397, 3531
3336, 3597, 3722
3580, 3850, 3974
3878, 4143, 4253
4086, 4343, 4437
4279, 4529, 4617
4423, 4676, 4765
4518, 4772, 4845
4693, 4943, 5005
4850, 5095, 5146
5071, 5318, 5363
5146, 5396, 5435
5202, 5449, 5491
5254, 5499, 5554
5300, 5563, 5597
5342, 5608, 5641
5432, 5711, 5738
5507, 5794, 5821
5635, 5928, 5949
5791, 6094, 6114
5861, 6178, 6191
5908, 6231, 6241
5924, 6261, 6272
5985, 6324, 6338
6005, 6366, 6376
6056, 6420, 6436
6067, 6438, 6454
5997, 6381, 6395
6052, 6446, 6459
6157, 6559, 6581
6158, 6564, 6597
6178, 6602, 6630
6126, 6568, 6601
6100, 6536, 6574
6133, 6597, 6635
6211, 6678, 6720
6328, 6807, 6855
6375, 6878, 6934
6471, 6978, 7040
6430, 6953, 7020
6464, 6996, 7067
6455, 6988, 7063
6481, 7015, 7099
6439, 6974, 7063
6449, 6994, 7101
6430, 6994, 7108
6434, 7011, 7132
6398, 6988, 7117
6435, 7025, 7151
6439, 7041, 7180
6486, 7102, 7253
6485, 7109, 7264
6389, 7018, 7172
6318, 6954, 7112
6264, 6928, 7098
6280, 6941, 7130
6234, 6893, 7095
6196, 6854, 7057
6215, 6898, 7106
6196, 6888, 7106
6159, 6863, 7098
6137, 6853, 7098
6120, 6846, 7096
6053, 6769, 7017
6015, 6757, 7000
5933, 6668, 6919
5923, 6659, 6929
5834, 6583, 6862
5803, 6557, 6853
5831, 6601, 6913
5876, 6660, 6976
5943, 6754, 7070
6002, 6836, 7159
5946, 6784, 7101
5839, 6692, 7015
5806, 6642, 6965
5722, 6555, 6886
5611, 6438, 6776
5542, 6378, 6737
5558, 6403, 6769
5608, 6473, 6846
5597, 6472, 6847
5586, 6456, 6826
5735, 6610, 6987
5710, 6605, 6995
5664, 6564, 6964
5656, 6557, 6963
5719, 6616, 7030
5783, 6685, 7103
5756, 6663, 7085
5714, 6621, 7045
5650, 6551, 6980
5581, 6475, 6902
5473, 6352, 6783
5473, 6354, 6796
5492, 6374, 6821
5507, 6391, 6847
5578, 6474, 6934
5597, 6503, 6973
5641, 6558, 7040
5738, 6673, 7170
5768, 6709, 7211
5845, 6790, 7294
5770, 6712, 7213
5730, 6671, 7179
5769, 6719, 7240
5711, 6647, 7172
5712, 6644, 7166
5718, 6653, 7179
5727, 6668, 7207
5708, 6654, 7192
5696, 6643, 7181
5679, 6625, 7166
5683, 6630, 7173
5739, 6692, 7232
5675, 6623, 7153
5611, 6551, 7082
5573, 6513, 7045
5530, 6468, 6999
5601, 6550, 7086
5612, 6558, 7092
5604, 6551, 7084
5593, 6548, 7080
5577, 6534, 7075
5706, 6675, 7228
5728, 6706, 7256
5742, 6711, 7261
5773, 6745, 7303
5736, 6708, 7263
5706, 6680, 7231
5750, 6727, 7285
5764, 6748, 7305
5717, 6697, 7253
5657, 6631, 7184
5638, 6611, 7166
5579, 6546, 7110
5557, 6522, 7088
5665, 6641, 7212
5678, 6659, 7231
5694, 6671, 7245
5730, 6718, 7298
5773, 6758, 7349
5707, 6683, 7273
5650, 6623, 7211
5590, 6555, 7145
5610, 6554, 7147
5600, 6550, 7143
5565, 6525, 7109
5491, 6446, 7028
5525, 6479, 7066
5499, 6444, 7034
5433, 6374, 6968
5539, 6498, 7095
5544, 6512, 7110
5561, 6531, 7133
5631, 6610, 7211
5666, 6650, 7260
5803, 6802, 7420
5944, 6962, 7589
6052, 7085, 7711
6029, 7058, 7676
5976, 7008, 7617
5953, 6987, 7591
5961, 6997, 7600
5937, 6968, 7567
5824, 6829, 7428
5700, 6699, 7294
5749, 6760, 7363
5788, 6801, 7407
5778, 6787, 7390
5842, 6852, 7449
5771, 6763, 7355
5821, 6811, 7414
5783, 6768, 7373
5773, 6761, 7371
5849, 6854, 7452
5822, 6819, 7426
5834, 6828, 7445
5775, 6759, 7377
5758, 6738, 7353
5801, 6781, 7398
5793, 6771, 7383
5706, 6672, 7270
5709, 6670, 7267
5721, 6679, 7276
5790, 6755, 7335
5830, 6795, 7372
5861, 6825, 7406
5887, 6857, 7445
6006, 6977, 7576
6097, 7076, 7677
6081, 7061, 7652
6203, 7199, 7788
6262, 7268, 7849
6312, 7326, 7912
6240, 7241, 7819
6084, 7060, 7637
6035, 6994, 7579
6051, 7010, 7602
6178, 7150, 7755
6242, 7212, 7818
6305, 7272, 7879
6229, 7184, 7785
6184, 7136, 7738
6162, 7114, 7721
6114, 7046, 7660
6089, 7014, 7628
6199, 7141, 7760
6297, 7253, 7868
6304, 7265, 7876
6250, 7202, 7804
6140, 7083, 7681
6172, 7105, 7706
6217, 7155, 7762
6271, 7212, 7823
6293, 7244, 7835
6240, 7184, 7776
6260, 7208, 7802
6281, 7229, 7822
6231, 7174, 7760
6201, 7149, 7740
6265, 7220, 7819
6318, 7275, 7881
6334, 7283, 7886
6222, 7162, 7760
6205, 7145, 7742
6228, 7167, 7768
6059, 6972, 7566
5984, 6888, 7480
6090, 6998, 7601
6097, 7000, 7609
6043, 6943, 7551
6105, 7021, 7627
6188, 7127, 7734
6205, 7151, 7758
6292, 7241, 7843
6299, 7255, 7859
6264, 7215, 7821
6064, 6993, 7593
6228, 7171, 7772
6237, 7184, 7786
6262, 7212, 7814
6352, 7308, 7913
6364, 7315, 7915
6358, 7310, 7914
6318, 7263, 7861
6290, 7224, 7816
6246, 7171, 7764
6205, 7117, 7710
6091, 6989, 7578
6063, 6958, 7547
6179, 7083, 7676
6126, 7020, 7615
6094, 6982, 7576
6119, 7013, 7609
6126, 7012, 7610
6213, 7099, 7702
6179, 7060, 7660
6135, 7019, 7611
6137, 7024, 7613
6309, 7222, 7815
6264, 7174, 7763
6205, 7103, 7688
6262, 7155, 7738
6240, 7128, 7709
6245, 7132, 7718
6311, 7201, 7765
6438, 7335, 7905
6431, 7325, 7887
6417, 7302, 7864
6322, 7205, 7760
6223, 7094, 7644
6312, 7181, 7737
6395, 7257, 7817
6400, 7257, 7815
6458, 7321, 7885
6323, 7186, 7742
6223, 7081, 7635
6212, 7064, 7615
6249, 7088, 7636
6306, 7139, 7684
6314, 7147, 7693
6326, 7159, 7706
6476, 7318, 7865
6510, 7360, 7897
6557, 7411, 7946
6606, 7479, 7991
6637, 7511, 8028
6692, 7557, 8078
6639, 7500, 8015
6516, 7359, 7871
6514, 7356, 7870
6529, 7373, 7883
6448, 7282, 7782
6462, 7307, 7806
6506, 7357, 7857
6540, 7389, 7884
6542, 7389, 7884
6586, 7431, 7927
6605, 7441, 7937
6637, 7473, 7973
6513, 7336, 7823
6492, 7312, 7797
6553, 7375, 7856
6630, 7451, 7929
6651, 7470, 7945
6644, 7448, 7915
6642, 7446, 7914
6685, 7495, 7962
6844, 7664, 8132
6974, 7801, 8278
6959, 7779, 8255
6843, 7663, 8130
6785, 7598, 8053
6664, 7464, 7918
6677, 7474, 7933
6747, 7542, 7990
6751, 7543, 7998
6793, 7569, 8039
6801, 7564, 8034
6750, 7502, 7965
6764, 7518, 7982
6772, 7533, 7995
6677, 7438, 7894
6676, 7439, 7900
6724, 7486, 7945
6688, 7443, 7900
6740, 7500, 7963
6792, 7552, 8019
6745, 7503, 7962
6709, 7458, 7912
6715, 7471, 7919
6700, 7457, 7902
6643, 7403, 7833
6599, 7359, 7788
6627, 7394, 7819
6626, 7386, 7821
6681, 7444, 7882
6705, 7476, 7914
6738, 7510, 7946
6790, 7566, 7997
6932, 7714, 8144
6911, 7686, 8114
6774, 7539, 7961
6730, 7496, 7919
6810, 7580, 8002
6769, 7524, 7940
6699, 7438, 7856
6654, 7384, 7804
6728, 7457, 7886
6730, 7462, 7892
6517, 7226, 7643
6448, 7154, 7573
6580, 7297, 7720
6590, 7313, 7736
6474, 7190, 7613
6582, 7303, 7723
6589, 7312, 7730
6796, 7531, 7960
6875, 7611, 8041
6844, 7578, 8005
6830, 7565, 7986
6707, 7437, 7850
6680, 7408, 7813
6568, 7283, 7679
6592, 7313, 7711
6602, 7327, 7718
6580, 7303, 7691
6617, 7348, 7742
6591, 7321, 7717
6492, 7215, 7612
6581, 7310, 7704
6653, 7384, 7777
6703, 7441, 7830
6746, 7490, 7879
6826, 7575, 7960
6971, 7729, 8120
7014, 7775, 8167
7017, 7778, 8174
6996, 7764, 8150
6933, 7692, 8074
6848, 7594, 7980
6831, 7565, 7957
6792, 7522, 7913
6881, 7612, 8005
7035, 7774, 8161
6964, 7699, 8072
6816, 7543, 7912
6790, 7504, 7878
6958, 7677, 8061
7047, 7774, 8156
7043, 7771, 8150
7069, 7805, 8180
7150, 7891, 8266
7081, 7822, 8191
7021, 7762, 8131
6973, 7715, 8080
6747, 7476, 7841
6725, 7446, 7814
6824, 7543, 7910
6739, 7457, 7821
6655, 7373, 7739
6711, 7444, 7808
6659, 7398, 7763
6590, 7335, 7693
6671, 7420, 7779
6695, 7446, 7802
6756, 7494, 7859
6745, 7484, 7855
6723, 7459, 7831
6694, 7431, 7804
6650, 7390, 7758
6665, 7404, 7768
6576, 7310, 7675
6549, 7282, 7660
6636, 7373, 7747
6763, 7509, 7885
6883, 7617, 7991
6850, 7589, 7969
6805, 7544, 7922
6599, 7327, 7697
6596, 7321, 7690
6760, 7495, 7876
6841, 7578, 7956
6797, 7532, 7906
6801, 7536, 7911
6777, 7515, 7887
6838, 7578, 7946
6812, 7552, 7924
6753, 7488, 7866
6687, 7416, 7801
6759, 7495, 7880
6719, 7451, 7842
6706, 7428, 7815
6719, 7437, 7820
6748, 7476, 7869
6842, 7578, 7974
7023, 7787, 8176
6941, 7687, 8075
6816, 7545, 7931
6719, 7440, 7825
6717, 7433, 7825
6727, 7434, 7824
6727, 7433, 7820
6853, 7572, 7963
6888, 7611, 7995
7003, 7736, 8125
6953, 7686, 8075
6897, 7627, 8015
6883, 7606, 7991
6932, 7660, 8037
6910, 7643, 8023
6787, 7509, 7888
6798, 7523, 7897
6880, 7615, 7984
6861, 7603, 7966
6847, 7592, 7949
6824, 7575, 7920
6832, 7581, 7935
6845, 7586, 7949
6846, 7585, 7949
6949, 7685, 8053
7115, 7862, 8224
7079, 7829, 8193
6986, 7733, 8088
7004, 7750, 8106
6921, 7665, 8021
6768, 7484, 7849
6792, 7504, 7871
6900, 7620, 7991
6770, 7480, 7855
6755, 7459, 7834
6704, 7410, 7784
6666, 7376, 7752
6739, 7451, 7825
6761, 7479, 7854
6722, 7432, 7809
6706, 7421, 7805
6863, 7596, 7987
6985, 7720, 8120
7066, 7805, 8211
6970, 7708, 8109
6864, 7593, 7985
6888, 7618, 8008
6882, 7607, 7996
6863, 7585, 7971
6953, 7685, 8078
6976, 7720, 8113
7037, 7791, 8182
7071, 7823, 8218
6855, 7591, 7981
6718, 7444, 7842
6821, 7553, 7953
6940, 7671, 8078
6926, 7660, 8064
6937, 7676, 8080
6905, 7647, 8046
6923, 7667, 8066
6906, 7654, 8060
6926, 7679, 8088
6961, 7724, 8133
6907, 7673, 8083
6941, 7715, 8116
6976, 7757, 8158
6882, 7659, 8061
6979, 7751, 8172
6999, 7765, 8186
6930, 7697, 8120
6817, 7583, 8001
6756, 7521, 7936
6672, 7426, 7840
6629, 7371, 7790
6742, 7498, 7931
6753, 7509, 7942
6658, 7413, 7840
6662, 7420, 7848
6732, 7494, 7923
6730, 7489, 7914
6612, 7365, 7791
6706, 7464, 7901
6836, 7602, 8048
6834, 7595, 8041
6882, 7645, 8094
6889, 7646, 8091
6971, 7734, 8181
6957, 7712, 8160
6800, 7549, 7992
6727, 7474, 7915
6717, 7471, 7929
6725, 7477, 7940
6780, 7538, 8002
6815, 7574, 8042
6640, 7390, 7853
6555, 7299, 7752
6554, 7300, 7748
6518, 7267, 7712
6519, 7265, 7706
6588, 7331, 7779
6571, 7307, 7759
6588, 7327, 7785
6659, 7409, 7870
6633, 7382, 7832
6611, 7359, 7803
6726, 7488, 7945
6849, 7620, 8073
6856, 7629, 8073
6907, 7689, 8126
6835, 7609, 8044
6668, 7428, 7868
6621, 7380, 7819
6632, 7387, 7833
6558, 7301, 7749
6522, 7271, 7718
6499, 7247, 7691
6571, 7323, 7771
6581, 7326, 7779
6449, 7185, 7635
6433, 7163, 7613
6387, 7108, 7563
6347, 7058, 7515
6382, 7088, 7549
6376, 7077, 7534
6401, 7102, 7553
6429, 7136, 7594
6301, 7005, 7458
6333, 7043, 7495
6415, 7138, 7587
6467, 7196, 7651
6463, 7202, 7651
6575, 7322, 7780
6623, 7374, 7834
6587, 7335, 7792
6632, 7385, 7851
6663, 7422, 7892
6608, 7368, 7837
6601, 7366, 7828
6675, 7445, 7911
6684, 7450, 7921
6636, 7402, 7856
6700, 7467, 7923
6841, 7613, 8071
6854, 7625, 8074
6803, 7565, 8013
6751, 7508, 7957
6845, 7603, 8059
6901, 7664, 8114
6859, 7614, 8065
6743, 7485, 7933
6664, 7407, 7856
6704, 7455, 7913
6683, 7428, 7893
6618, 7358, 7823
6550, 7287, 7750
6454, 7187, 7645
6358, 7083, 7540
6349, 7076, 7539
6309, 7033, 7503
6298, 7023, 7495
6412, 7132, 7618
6379, 7096, 7591
6343, 7058, 7558
6319, 7043, 7542
6193, 6914, 7411
6158, 6880, 7376
6115, 6832, 7314
6126, 6849, 7335
6137, 6863, 7355
6125, 6852, 7349
6155, 6888, 7384
6211, 6950, 7451
6172, 6911, 7410
6228, 6977, 7484
6241, 6996, 7511
6326, 7085, 7596
6452, 7220, 7738
6627, 7408, 7933
6564, 7347, 7861
6576, 7358, 7865
6492, 7268, 7779
6277, 7043, 7550
6232, 6995, 7503
6192, 6959, 7478
6059, 6822, 7346
6067, 6827, 7354
6178, 6943, 7478
6090, 6856, 7394
5921, 6681, 7217
5856, 6614, 7149
5897, 6660, 7200
5867, 6637, 7180
5779, 6543, 7084
5717, 6484, 7028
5765, 6540, 7093
5696, 6460, 7015
5677, 6443, 7002
5644, 6411, 6974
5566, 6328, 6888
5606, 6366, 6924
5646, 6416, 6985
5620, 6399, 6971
5548, 6314, 6885
5512, 6270, 6839
5513, 6269, 6839
5586, 6349, 6924
5439, 6194, 6754
5486, 6239, 6798
5544, 6301, 6862
5436, 6187, 6741
5392, 6142, 6696
5392, 6146, 6697
5438, 6190, 6742
5527, 6281, 6828
5571, 6331, 6876
5445, 6199, 6735
5541, 6303, 6843
5602, 6359, 6902
5613, 6367, 6907
5613, 6363, 6906
5552, 6296, 6840
5605, 6363, 6913
5610, 6376, 6928
5517, 6282, 6830
5492, 6250, 6800
5509, 6266, 6816
5523, 6290, 6839
5593, 6372, 6924
5639, 6426, 6982
5648, 6426, 6979
5566, 6334, 6886
5490, 6253, 6807
5499, 6262, 6815
5529, 6290, 6857
5509, 6265, 6845
5414, 6158, 6736
5399, 6141, 6718
5394, 6135, 6713
5379, 6119, 6692
5436, 6187, 6760
5405, 6154, 6726
5359, 6103, 6682
5353, 6100, 6682
5335, 6084, 6664
5390, 6143, 6726
5353, 6115, 6702
5373, 6132, 6719
5365, 6120, 6709
5313, 6059, 6643
5272, 6014, 6596
5223, 5962, 6539
5152, 5871, 6450
5113, 5832, 6417
5262, 5993, 6583
5386, 6120, 6706
5402, 6136, 6719
5424, 6154, 6731
5417, 6145, 6723
5414, 6138, 6727
5297, 6018, 6606
5238, 5955, 6541
5327, 6033, 6612
5387, 6094, 6678
5256, 5949, 6529
5261, 5955, 6539
5241, 5936, 6520
5284, 5979, 6565
5307, 6001, 6586
5425, 6128, 6714
5373, 6076, 6660
5343, 6044, 6624
5203, 5894, 6464
5193, 5881, 6447
5186, 5876, 6446
5235, 5938, 6505
5307, 6014, 6580
5282, 5984, 6548
5318, 6019, 6576
5384, 6091, 6659
5481, 6190, 6761
5497, 6205, 6789
5448, 6141, 6727
5388, 6072, 6650
5435, 6121, 6701
5394, 6075, 6653
5179, 5845, 6401
5163, 5827, 6381
5268, 5941, 6497
5283, 5955, 6503
5318, 5993, 6543
5332, 6012, 6571
5435, 6113, 6669
5556, 6237, 6806
5509, 6186, 6763
5421, 6090, 6667
5409, 6076, 6647
5365, 6027, 6587
5308, 5963, 6515
5305, 5955, 6503
5296, 5944, 6494
5345, 5993, 6552
5337, 5985, 6549
5242, 5882, 6445
5177, 5815, 6375
5211, 5847, 6415
5137, 5764, 6329
5053, 5676, 6239
5094, 5724, 6301
5100, 5734, 6305
5102, 5736, 6307
5061, 5692, 6258
4976, 5604, 6165
5014, 5645, 6197
5020, 5641, 6192
4986, 5603, 6159
4909, 5523, 6081
4926, 5539, 6095
4928, 5545, 6103
4956, 5569, 6130
4977, 5587, 6151
4974, 5586, 6145
5082, 5705, 6264
5129, 5750, 6308
5127, 5733, 6287
5088, 5678, 6223
5059, 5639, 6174
5140, 5718, 6260
5121, 5693, 6227
5113, 5688, 6217
5131, 5704, 6235
5132, 5710, 6232
5132, 5703, 6228
5122, 5692, 6215
5099, 5669, 6199
5078, 5646, 6179
5073, 5636, 6164
5126, 5694, 6201
5162, 5725, 6217
5125, 5680, 6174
5069, 5617, 6103
5116, 5670, 6143
5020, 5574, 6052
4981, 5513, 5962
5044, 5574, 6023
5116, 5656, 6110
5168, 5704, 6158
5132, 5631, 6080
5133, 5626, 6065
5131, 5615, 6040
5118, 5596, 6016
5178, 5659, 6089
5201, 5679, 6105
5199, 5642, 6051
5212, 5655, 6059
5311, 5768, 6166
5305, 5764, 6155
5291, 5746, 6120
5202, 5649, 6020
5173, 5604, 5973
5098, 5520, 5878
5062, 5466, 5827
5149, 5538, 5901
5166, 5547, 5881
5060, 5438, 5770
5022, 5398, 5729
4949, 5299, 5622
4948, 5283, 5603
4995, 5319, 5628
5046, 5366, 5666
5048, 5357, 5632
5090, 5378, 5622
5028, 5311, 5568
4962, 5257, 5510
5004, 5295, 5547
5032, 5316, 5568
4996, 5267, 5501
4976, 5232, 5449
4927, 5169, 5365
4883, 5120, 5300
4902, 5127, 5285
4885, 5105, 5249
4929, 5142, 5272
4896, 5074, 5182
4816, 4990, 5088
4766, 4935, 5031
4763, 4935, 5017
4734, 4891, 4973
4610, 4753, 4828
4606, 4740, 4818
4607, 4728, 4798
4583, 4693, 4766
4465, 4568, 4650
4257, 4385, 4496
4103, 4255, 4393
3818, 4031, 4215
3594, 3838, 4055
3303, 3578, 3825
3108, 3400, 3660
3002, 3296, 3563
2731, 3017, 3288
2461, 2738, 3014
2315, 2591, 2867
2179, 2468, 2741
2094, 2377, 2649
1977, 2250, 2509
1935, 2200, 2442
1846, 2095, 2320
1801, 2032, 2249
1694, 1903, 2091
1638, 1817, 1985
1608, 1768, 1905
1449, 1580, 1702
1367, 1461, 1551
1196, 1268, 1312
797, 814, 814
764, 783, 774
703, 724, 710
652, 675, 668
637, 660, 659
636, 661, 661
630, 664, 666
628, 668, 667
707, 745, 745
699, 729, 721
676, 708, 696
682, 717, 704
716, 746, 733
676, 710, 702
614, 645, 643
634, 656, 652
628, 648, 641
636, 653, 643
666, 679, 666
683, 695, 677
694, 704, 688
672, 686, 675
615, 631, 623
582, 605, 597
603, 635, 631
662, 694, 692
696, 725, 723
688, 717, 714
696, 726, 728
701, 731, 730
700, 731, 728
706, 731, 724
686, 712, 701
677, 703, 689
685, 703, 690
698, 716, 701
715, 734, 721
708, 725, 706
642, 659, 648
590, 606, 594
542, 565, 562
574, 597, 590
606, 626, 616
601, 625, 614
649, 677, 669
658, 686, 677
695, 715, 700
696, 717, 702
677, 699, 687
666, 688, 682
654, 684, 684
639, 668, 666
569, 592, 589
568, 591, 587
637, 663, 657
734, 763, 754
759, 788, 780
736, 763, 754
711, 738, 729
777, 802, 789
740, 768, 757
707, 731, 718
707, 725, 713
717, 737, 720
805, 826, 805
788, 816, 795
811, 847, 830
787, 824, 811
743, 783, 770
705, 740, 728
731, 772, 760
757, 793, 782
782, 809, 794
800, 820, 799
791, 809, 788
734, 754, 739
743, 769, 754
765, 800, 783
730, 774, 764
706, 748, 734
694, 727, 713
729, 751, 736
736, 751, 730
689, 709, 685
650, 676, 662
648, 677, 668
631, 663, 652
629, 666, 649
640, 676, 665
647, 683, 673
675, 712, 709
720, 753, 755
747, 781, 783
769, 804, 802
837, 868, 857
828, 859, 841
818, 841, 817
801, 813, 785
769, 779, 753
752, 765, 734
703, 714, 688
679, 691, 673
678, 692, 677
683, 697, 677
677, 688, 665
724, 739, 715
752, 770, 748
713, 732, 711
719, 739, 712
749, 767, 732
774, 799, 767
792, 814, 780
779, 797, 761
756, 780, 748
713, 735, 711
684, 705, 682
711, 739, 716
681, 709, 687
678, 705, 690
711, 746, 733
728, 770, 764
716, 749, 746
708, 735, 725
734, 759, 736
752, 781, 754
735, 770, 746
700, 736, 721
722, 752, 732
729, 763, 746
711, 748, 723
715, 752, 729
727, 767, 752
707, 740, 723
703, 734, 713
719, 750, 732
700, 728, 713
644, 667, 659
713, 733, 720
687, 704, 683
646, 664, 647
613, 635, 615
651, 681, 659
647, 679, 657
702, 733, 713
727, 764, 752
713, 753, 746
727, 763, 756
695, 730, 719
679, 717, 705
716, 755, 741
738, 773, 754
657, 683, 670
605, 628, 627
600, 625, 624
556, 581, 577
556, 582, 580
574, 597, 592
594, 613, 602
631, 646, 629
658, 675, 649
687, 708, 678
683, 704, 680
704, 723, 697
722, 743, 721
709, 734, 715
661, 685, 671
679, 701, 692
689, 709, 705
680, 705, 698
645, 666, 656
618, 639, 625
628, 648, 635
677, 697, 682
727, 754, 734
733, 762, 737
735, 761, 738
670, 692, 673
638, 658, 640
656, 677, 654
700, 721, 695
730, 745, 719
687, 703, 673
672, 695, 665
652, 679, 651
689, 722, 695
700, 725, 699
659, 680, 653
655, 675, 654
695, 721, 702
736, 766, 756
752, 777, 765
695, 715, 707
651, 667, 663
647, 662, 658
675, 693, 688
613, 634, 629
688, 707, 692
809, 827, 801
784, 802, 777
752, 771, 753
725, 748, 734
693, 720, 704
660, 686, 663
704, 731, 707
740, 767, 743
753, 778, 753
774, 796, 772
744, 764, 745
708, 734, 718
686, 710, 695
729, 748, 725
746, 763, 739
759, 779, 755
714, 734, 712
692, 717, 690
693, 718, 689
728, 753, 722
728, 749, 722
710, 726, 708
717, 732, 718
700, 717, 701
707, 727, 713
697, 719, 708
665, 686, 677
686, 703, 692
671, 684, 668
649, 665, 641
697, 713, 680
761, 779, 742
771, 796, 766
798, 817, 791
754, 771, 755
713, 731, 719
727, 747, 736
735, 757, 746
710, 736, 722
676, 697, 681
629, 646, 632
641, 657, 641
624, 646, 630
660, 685, 664
708, 736, 716
687, 712, 693
671, 690, 667
725, 738, 720
746, 762, 742
725, 745, 720
716, 734, 709
663, 680, 664
677, 702, 685
645, 662, 645
634, 652, 635
640, 662, 645
646, 673, 653
664, 691, 666
694, 723, 693
736, 761, 729
726, 750, 729
697, 722, 702
658, 690, 667
633, 656, 626
636, 658, 635
709, 723, 694
924, 929, 897
3712, 3848, 3807
4223, 4415, 4303
3404, 3584, 3414
3401, 3583, 3395
3456, 3641, 3451
3495, 3682, 3498
3636, 3812, 3623
3612, 3829, 3663
3759, 3907, 3693
3659, 3849, 3669
3560, 3802, 3658
3603, 3675, 3447
2803, 3191, 3402
2517, 3001, 3735
2460, 2934, 3588
2427, 2879, 3477
2480, 2920, 3600
2491, 2918, 3544
2517, 2928, 3547
2480, 2900, 3532
2334, 2760, 3406
2171, 2598, 3270
2116, 2543, 3222
2141, 2573, 3246
2064, 2494, 3174
2054, 2474, 3148
2041, 2466, 3127
2036, 2454, 3088
2019, 2430, 3057
1985, 2353, 2954
1933, 2300, 2869
1953, 2305, 2837
1961, 2289, 2791
2013, 2312, 2783
1923, 2192, 2631
1965, 2213, 2620
2074, 2306, 2646
2099, 2294, 2558
2117, 2294, 2521
2099, 2269, 2474
1999, 2162, 2346
2039, 2200, 2346
2082, 2230, 2359
2045, 2153, 2257
2060, 2141, 2238
2127, 2210, 2322
2032, 2150, 2253
2028, 2119, 2141
2066, 2146, 2107
2043, 2092, 2025
2110, 2085, 1999
2154, 2069, 1971
2225, 2114, 2001
2234, 2079, 1987
2411, 2217, 2114
2345, 2142, 2028
2405, 2188, 2074
2398, 2159, 2025
2460, 2203, 2069
2478, 2199, 2060
2468, 2199, 2057
2454, 2199, 2054
2547, 2300, 2140
2510, 2270, 2120
2554, 2310, 2166
2612, 2322, 2176
2649, 2341, 2179
2544, 2237, 2108
2587, 2286, 2170
2469, 2163, 2067
2523, 2205, 2120
2570, 2239, 2162
2702, 2391, 2322
2699, 2407, 2329
2670, 2385, 2299
2630, 2324, 2214
2680, 2424, 2359
2759, 2527, 2492
2586, 2358, 2300
2387, 2136, 2123
2405, 2166, 2187
2413, 2214, 2277
2337, 2189, 2270
2409, 2291, 2417
2354, 2236, 2290
2363, 2242, 2278
2383, 2285, 2328
2412, 2359, 2427
2291, 2204, 2247
2377, 2291, 2325
2376, 2336, 2407
2387, 2394, 2487
2326, 2341, 2423
2373, 2408, 2470
2366, 2429, 2487
2256, 2334, 2411
2073, 2154, 2265
2079, 2204, 2367
2147, 2320, 2494
2027, 2242, 2447
2064, 2334, 2602
1993, 2277, 2435
1902, 2183, 2318
1907, 2199, 2370
1972, 2282, 2483
1854, 2176, 2422
1898, 2229, 2490
1920, 2257, 2540
2001, 2339, 2638
2173, 2494, 2861
2172, 2492, 2835
2099, 2466, 2889
2190, 2588, 3072
2174, 2573, 3067
2183, 2575, 3077
2221, 2641, 3149
2307, 2770, 3285
2349, 2827, 3369
2424, 2906, 3444
2436, 2920, 3489
2400, 2913, 3524
2391, 2919, 3559
2410, 2934, 3560
2314, 2832, 3450
2342, 2856, 3480
2337, 2843, 3449
2360, 2879, 3474
2398, 2916, 3536
2401, 2921, 3521
2409, 2926, 3549
2460, 3008, 3654
2455, 3053, 3695
2372, 3090, 3659
2726, 3411, 3622
3372, 3581, 3519
3328, 3566, 3459
3314, 3609, 3528
3397, 3604, 3491
3368, 3604, 3490
3397, 3606, 3511
3233, 3429, 3364
3080, 3302, 3217
3096, 3335, 3258
3032, 3264, 3206
2821, 3027, 2985
2887, 3095, 3047
2981, 3195, 3149
2932, 3158, 3111
2922, 3138, 3072
2963, 3200, 3159
2937, 3149, 3112
2809, 3026, 3004
2905, 3182, 3185
2932, 3186, 3159
2818, 3029, 2928
2826, 3056, 2924
2946, 3177, 3059
3013, 3248, 3171
3009, 3226, 3191
2879, 3036, 3044
2844, 2995, 2968
2879, 3044, 3026
2987, 3130, 3140
3001, 3129, 3106
2962, 3067, 3001
2945, 3044, 2973
3108, 3206, 3126
3080, 3166, 3090
3006, 3079, 3008
3065, 3143, 3085
3003, 3112, 3099
2906, 3003, 2990
2980, 3023, 2985
3036, 3043, 3007
2836, 2856, 2826
2869, 2866, 2844
2917, 2918, 2881
2749, 2753, 2734
2784, 2793, 2763
2879, 2874, 2806
2779, 2762, 2665
2895, 2881, 2785
2930, 2888, 2795
2872, 2839, 2760
2921, 2906, 2870
2996, 2950, 2886
2843, 2833, 2739
2859, 2871, 2790
2914, 2913, 2847
3043, 3052, 2978
2989, 3012, 2944
2947, 3000, 2928
2934, 2973, 2864
2937, 2946, 2832
2917, 2949, 2835
2984, 3016, 2922
2997, 3026, 2931
2894, 2993, 2892
2951, 3037, 2923
3064, 3126, 3023
2964, 3052, 2946
3000, 3119, 2995
3103, 3214, 3081
3244, 3311, 3230
3159, 3245, 3143
2989, 3131, 2966
2995, 3144, 2967
3099, 3185, 3001
3215, 3314, 3126
3237, 3330, 3151
3208, 3318, 3139
3181, 3308, 3155
3215, 3342, 3179
3230, 3349, 3137
3272, 3376, 3180
3201, 3324, 3148
3110, 3226, 3023
3242, 3335, 3167
3316, 3434, 3226
3187, 3332, 3070
3214, 3338, 3072
3353, 3407, 3154
3518, 3574, 3329
3437, 3533, 3310
3352, 3463, 3209
3347, 3436, 3229
3268, 3369, 3160
3226, 3335, 3103
3268, 3376, 3186
3268, 3353, 3169
3177, 3320, 3094
3230, 3397, 3173
3265, 3409, 3151
3261, 3409, 3148
3230, 3409, 3142
3230, 3384, 3110
3265, 3395, 3122
3266, 3436, 3145
3288, 3479, 3192
3395, 3580, 3297
3371, 3568, 3285
3375, 3575, 3284
3573, 3830, 3580
3638, 3926, 3594
3587, 3856, 3525
3591, 3872, 3549
3527, 3788, 3470
3528, 3782, 3472
3595, 3849, 3552
3570, 3820, 3525
3551, 3791, 3508
3593, 3830, 3559
3547, 3771, 3519
3567, 3788, 3544
3509, 3715, 3488
3405, 3592, 3389
3306, 3484, 3300
3220, 3384, 3215
3172, 3331, 3170
3475, 3615, 3486
2917, 3013, 2932
2118, 2191, 2138
621, 661, 649
565, 582, 558
608, 633, 606
664, 692, 665
668, 700, 670
703, 737, 705
677, 712, 681
651, 685, 658
647, 682, 659
606, 639, 621
592, 622, 605
593, 616, 596
574, 594, 574
591, 613, 593
614, 634, 610
626, 646, 621
633, 655, 630
579, 604, 581
582, 608, 586
555, 580, 562
542, 565, 546
570, 591, 568
522, 546, 523
564, 592, 571
585, 619, 599
519, 550, 531
552, 583, 564
534, 562, 545
523, 548, 531
538, 559, 541
552, 568, 548
532, 552, 529
550, 566, 546
512, 526, 508
487, 504, 486
521, 541, 520
557, 583, 563
558, 587, 567
521, 548, 534
475, 503, 492
490, 518, 504
522, 551, 534
541, 568, 547
583, 606, 583
606, 629, 605
580, 604, 575
565, 584, 555
555, 564, 541
544, 558, 540
548, 565, 552
535, 555, 538
536, 559, 539
506, 526, 507
486, 507, 485
490, 513, 495
491, 520, 498
492, 522, 497
472, 498, 474
488, 514, 486
445, 466, 441
472, 490, 467
501, 519, 496
509, 529, 508
522, 544, 525
486, 504, 485
478, 492, 473
499, 517, 498
497, 518, 502
523, 543, 529
536, 551, 541
543, 556, 550
581, 593, 579
579, 588, 572
559, 567, 550
539, 551, 537
529, 546, 537
530, 550, 541
505, 527, 514
486, 507, 495
488, 504, 492
478, 493, 478
463, 477, 462
445, 462, 444
461, 485, 465
520, 549, 530
517, 548, 526
502, 532, 507
498, 521, 502
441, 458, 442
486, 500, 486
518, 525, 506
481, 488, 467
465, 472, 453
449, 454, 440
453, 459, 446
462, 473, 456
483, 497, 477
512, 526, 508
540, 554, 537
501, 515, 500
468, 483, 471
472, 487, 474
483, 502, 489
492, 510, 496
491, 508, 492
470, 482, 465
467, 479, 462
486, 499, 485
481, 498, 484
484, 499, 488
489, 501, 487
509, 520, 499
523, 536, 510
504, 515, 491
480, 491, 467
456, 469, 447
422, 436, 413
440, 448, 424
471, 481, 455
512, 531, 506
533, 553, 533
555, 568, 546
539, 550, 528
519, 533, 515
486, 503, 487
480, 496, 485
479, 499, 486
461, 481, 470
469, 486, 474
465, 474, 463
463, 469, 455
467, 470, 452
488, 491, 469
519, 529, 502
524, 538, 509
513, 528, 502
501, 517, 490
529, 546, 519
548, 563, 533
528, 543, 519
538, 549, 532
530, 533, 516
490, 489, 472
424, 422, 408
403, 404, 393
422, 427, 416
419, 425, 414
432, 440, 430
477, 484, 476
477, 478, 467
495, 493, 477
463, 463, 448
418, 419, 409
407, 411, 403
428, 433, 427
423, 429, 426
473, 483, 479
493, 503, 498
489, 499, 491
447, 455, 448
454, 458, 450
458, 461, 452
442, 442, 429
430, 430, 418
437, 441, 426
433, 435, 419
428, 426, 409
473, 476, 456
472, 481, 462
483, 493, 475
488, 494, 474
475, 481, 463
474, 480, 461
465, 476, 462
452, 462, 449
490, 501, 487
537, 551, 534
531, 545, 524
482, 487, 472
429, 431, 419
421, 424, 415
424, 425, 415
440, 435, 423
436, 435, 421
459, 465, 448
481, 486, 467
456, 460, 436
433, 436, 415
420, 416, 402
410, 405, 396
422, 418, 410
455, 452, 443
489, 482, 468
464, 458, 438
461, 457, 437
465, 458, 441
448, 442, 419
450, 445, 421
485, 479, 459
467, 461, 444
462, 457, 438
448, 442, 420
473, 468, 449
482, 478, 460
496, 492, 472
469, 463, 450
421, 416, 403
425, 426, 413
444, 441, 433
444, 443, 438
412, 409, 404
387, 385, 380
365, 364, 354
396, 398, 381
424, 426, 404
443, 445, 422
464, 460, 438
483, 481, 462
494, 488, 472
493, 482, 468
493, 481, 467
462, 446, 431
413, 395, 379
353, 333, 318
349, 331, 316
360, 345, 331
367, 357, 340
368, 364, 347
381, 375, 360
395, 390, 376
424, 417, 403
440, 431, 417
429, 419, 405
416, 409, 396
405, 400, 385
388, 383, 364
381, 378, 359
402, 402, 381
387, 380, 359
406, 395, 374
411, 399, 381
380, 368, 354
394, 386, 373
409, 400, 386
411, 401, 388
419, 404, 390
398, 380, 366
380, 363, 353
381, 363, 351
387, 373, 360
398, 385, 370
405, 391, 376
379, 366, 351
368, 354, 344
359, 345, 338
361, 348, 342
363, 348, 342
365, 350, 340
374, 356, 345
374, 359, 346
376, 361, 351
353, 338, 332
333, 320, 317
316, 305, 303
283, 274, 276
284, 273, 274
286, 276, 274
314, 307, 304
345, 335, 333
371, 358, 355
393, 383, 379
424, 415, 408
429, 416, 406
416, 401, 390
403, 386, 374
398, 385, 373
367, 354, 343
349, 334, 320
343, 327, 315
336, 320, 308
319, 302, 292
294, 280, 271
302, 287, 276
335, 319, 304
357, 340, 326
395, 378, 359
410, 392, 371
398, 384, 366
399, 384, 362
415, 400, 374
408, 393, 371
377, 366, 347
369, 363, 346
363, 359, 344
354, 351, 336
351, 347, 333
317, 312, 299
289, 285, 271
308, 304, 288
350, 341, 324
375, 368, 351
363, 356, 341
345, 338, 323
363, 353, 336
340, 325, 309
317, 303, 287
320, 306, 292
326, 312, 297
315, 303, 288
319, 305, 296
306, 296, 289
313, 305, 297
325, 319, 308
360, 350, 335
368, 355, 340
366, 351, 335
333, 317, 301
329, 310, 294
318, 300, 283
331, 313, 298
316, 298, 285
316, 295, 286
345, 321, 314
351, 326, 320
354, 328, 322
354, 326, 319
376, 347, 337
353, 328, 313
356, 333, 315
364, 339, 317
354, 326, 307
331, 305, 292
323, 298, 286
311, 286, 275
317, 292, 281
328, 301, 291
336, 308, 299
342, 315, 306
353, 329, 320
374, 349, 338
375, 353, 340
373, 349, 335
370, 345, 332
367, 342, 330
353, 330, 318
332, 308, 298
299, 273, 265
290, 262, 255
283, 255, 247
284, 257, 246
283, 258, 243
279, 254, 241
277, 251, 237
280, 255, 241
282, 256, 244
292, 269, 254
298, 273, 258
315, 286, 273
329, 302, 288
344, 313, 299
350, 318, 304
364, 330, 317
365, 331, 321
350, 316, 307
341, 308, 296
343, 306, 295
335, 297, 285
352, 316, 301
352, 320, 304
364, 325, 311
377, 337, 323
354, 315, 302
330, 292, 279
332, 290, 277
343, 298, 286
336, 292, 275
326, 280, 258
323, 277, 248
300, 254, 226
